id,model_id,url,name,image_url,category,brand,price,sale_price,shipping_price,currency,gtin,stock_availability,stock_quantity
KIT-0001,,https://musical-adventure-ez56v4m.pages.github.io/shop.html?sku=KIT-0001,Mango - Orange Tabby,https://images.unsplash.com/photo-1574158622682-e40e69881006?w=500&auto=format&fit=crop&q=60&ixlib=rb-4.0.3,Pets > Kittens > Tabby,Precious Paws,450.00,,,USD,,in_stock,1
KIT-0002,,https://musical-adventure-ez56v4m.pages.github.io/shop.html?sku=KIT-0002,Oreo - Tuxedo Cat,https://images.unsplash.com/photo-1426759585741-21bb406023ff?fm=jpg&q=60&w=3000&auto=format&fit=crop&q=60&ixlib=rb-4.0.3,Pets > Kittens > Tuxedo,Precious Paws,525.00,,,USD,,in_stock,1
KIT-0003,,https://musical-adventure-ez56v4m.pages.github.io/shop.html?sku=KIT-0003,Luna - Siamese Mix,https://images.unsplash.com/photo-1488740304459-45c4277e7daf?fm=jpg&q=60&w=3000&auto=format&fit=crop&q=60&ixlib=rb-4.0.3,Pets > Kittens > Siamese,Precious Paws,675.00,,,USD,,in_stock,1
KIT-0004,,https://musical-adventure-ez56v4m.pages.github.io/shop.html?sku=KIT-0004,Storm - Russian Blue,https://images.unsplash.com/photo-1596854407944-bf87f6fdd49e?w=500&auto=format&fit=crop&q=60&ixlib=rb-4.0.3,Pets > Kittens > Tabby,Precious Paws,595.00,,,USD,,in_stock,1
KIT-0005,,https://musical-adventure-ez56v4m.pages.github.io/shop.html?sku=KIT-0005,Patches - Calico,https://images.unsplash.com/photo-1615789591457-74a63395c990?w=500&auto=format&fit=crop&q=60&ixlib=rb-4.0.3,Pets > Kittens > Calico,Precious Paws,480.00,,,USD,,in_stock,1
KIT-0006,,https://musical-adventure-ez56v4m.pages.github.io/shop.html?sku=KIT-0006,Fluffy - Persian,https://images.unsplash.com/photo-1578110927497-055e642f1ff4?fm=jpg&q=60&w=3000&auto=format&fit=crop&q=60&ixlib=rb-4.0.3,Pets > Kittens > Persian,Precious Paws,850.00,,,USD,,in_stock,1
KIT-0007,,https://musical-adventure-ez56v4m.pages.github.io/shop.html?sku=KIT-0007,Cocoa - Brown Tabby,https://images.unsplash.com/photo-1519052537078-e6302a4968d4?w=500&auto=format&fit=crop&q=60&ixlib=rb-4.0.3,Pets > Kittens > Tabby,Precious Paws,420.00,,,USD,,in_stock,1
KIT-0008,,https://musical-adventure-ez56v4m.pages.github.io/shop.html?sku=KIT-0008,Boots - Tuxedo,https://images.unsplash.com/photo-1426759585741-21bb406023ff?fm=jpg&q=60&w=3000&auto=format&fit=crop&q=60&ixlib=rb-4.0.3,Pets > Kittens > Tuxedo,Precious Paws,495.00,,,USD,,in_stock,1
KIT-0009,,https://musical-adventure-ez56v4m.pages.github.io/shop.html?sku=KIT-0009,Sky - Siamese,https://images.unsplash.com/photo-1568309386325-ef86f13ac533?fm=jpg&q=60&w=3000&auto=format&fit=crop&q=60&ixlib=rb-4.0.3,Pets > Kittens > Siamese,Precious Paws,725.00,,,USD,,in_stock,1
DOG-0001,,https://musical-adventure-ez56v4m.pages.github.io/shop.html?sku=DOG-0001,Buddy - Golden Retriever,https://images.unsplash.com/photo-1760448904758-3a88fd0073b9?fm=jpg&q=60&w=3000&auto=format&fit=crop&q=60&ixlib=rb-4.0.3,Pets > Dogs > Golden Retriever,Precious Paws,950.00,,,USD,,in_stock,1
DOG-0002,,https://musical-adventure-ez56v4m.pages.github.io/shop.html?sku=DOG-0002,Bella - Labrador,https://images.unsplash.com/photo-1552053831-71594a27632d?fm=jpg&q=60&w=3000&auto=format&fit=crop&q=60&ixlib=rb-4.0.3,Pets > Dogs > Labrador,Precious Paws,850.00,,,USD,,in_stock,1
DOG-0003,,https://musical-adventure-ez56v4m.pages.github.io/shop.html?sku=DOG-0003,Max - Border Collie,https://images.unsplash.com/photo-1561037404-61cd46aa615b?fm=jpg&q=60&w=3000&auto=format&fit=crop&q=60&ixlib=rb-4.0.3,Pets > Dogs > Border Collie,Precious Paws,780.00,,,USD,,in_stock,1
DOG-0004,,https://musical-adventure-ez56v4m.pages.github.io/shop.html?sku=DOG-0004,Coco - Shih Tzu,https://images.unsplash.com/photo-1534361960057-19889db9621e?fm=jpg&q=60&w=3000&auto=format&fit=crop&q=60&ixlib=rb-4.0.3,Pets > Dogs > Shih Tzu,Precious Paws,1100.00,,,USD,,in_stock,1
DOG-0005,,https://musical-adventure-ez56v4m.pages.github.io/shop.html?sku=DOG-0005,Shadow - Collie Mix,https://images.unsplash.com/photo-1503256207526-0d5d80fa2f47?fm=jpg&q=60&w=3000&auto=format&fit=crop&q=60&ixlib=rb-4.0.3,Pets > Dogs > Collie Mix,Precious Paws,700.00,,,USD,,in_stock,1
DOG-0006,,https://musical-adventure-ez56v4m.pages.github.io/shop.html?sku=DOG-0006,Daisy - Beagle Mix,https://images.unsplash.com/photo-1537151608828-ea2b11777ee8?fm=jpg&q=60&w=3000&auto=format&fit=crop&q=60&ixlib=rb-4.0.3,Pets > Dogs > Beagle Mix,Precious Paws,650.00,,,USD,,in_stock,1
DOG-0007,,https://musical-adventure-ez56v4m.pages.github.io/shop.html?sku=DOG-0007,Cloud - Samoyed,https://images.unsplash.com/photo-1596492784531-6e6eb5ea9993?fm=jpg&q=60&w=3000&auto=format&fit=crop&q=60&ixlib=rb-4.0.3,Pets > Dogs > Samoyed,Precious Paws,1300.00,,,USD,,in_stock,1
DOG-0009,,https://musical-adventure-ez56v4m.pages.github.io/shop.html?sku=DOG-0009,Sunny - Golden Retriever,https://images.unsplash.com/photo-1600804340584-c7db2eacf0bf?fm=jpg&q=60&w=3000&auto=format&fit=crop&q=60&ixlib=rb-4.0.3,Pets > Dogs > Golden Retriever,Precious Paws,975.00,,,USD,,in_stock,1
RAB-0001,,https://musical-adventure-ez56v4m.pages.github.io/shop.html?sku=RAB-0001,Clover - White Rabbit,https://images.unsplash.com/photo-1585110396000-c9ffd4e4b308?fm=jpg&q=60&w=3000&auto=format&fit=crop&q=60&ixlib=rb-4.0.3,Pets > Rabbits > White Rabbit,Precious Paws,75.00,,,USD,,in_stock,1
RAB-0002,,https://musical-adventure-ez56v4m.pages.github.io/shop.html?sku=RAB-0002,Pepper - Gray Rabbit,https://images.unsplash.com/photo-1609151354448-c4a53450c6e9?fm=jpg&q=60&w=3000&auto=format&fit=crop&q=60&ixlib=rb-4.0.3,Pets > Rabbits > Gray Rabbit,Precious Paws,65.00,,,USD,,in_stock,1
RAB-0003,,https://musical-adventure-ez56v4m.pages.github.io/shop.html?sku=RAB-0003,Nibbles - Lop-Eared Rabbit,https://images.unsplash.com/photo-1782419703784-d9c58fdefb0f?fm=jpg&q=60&w=3000&auto=format&fit=crop&q=60&ixlib=rb-4.0.3,Pets > Rabbits > Lop-Eared Rabbit,Precious Paws,120.00,,,USD,,in_stock,1
RAB-0004,,https://musical-adventure-ez56v4m.pages.github.io/shop.html?sku=RAB-0004,Peanut - Brown Rabbit,https://images.unsplash.com/photo-1452857297128-d9c29adba80b?fm=jpg&q=60&w=3000&auto=format&fit=crop&q=60&ixlib=rb-4.0.3,Pets > Rabbits > Brown Rabbit,Precious Paws,70.00,,,USD,,in_stock,1
GOA-0001,,https://musical-adventure-ez56v4m.pages.github.io/shop.html?sku=GOA-0001,Biscuit - White Goat,https://images.unsplash.com/photo-1524024973431-2ad916746881?fm=jpg&q=60&w=3000&auto=format&fit=crop&q=60&ixlib=rb-4.0.3,Pets > Goats > White Goat,Precious Paws,280.00,,,USD,,in_stock,1
GOA-0002,,https://musical-adventure-ez56v4m.pages.github.io/shop.html?sku=GOA-0002,Maple - Brown Goat,https://images.unsplash.com/photo-1573578160998-4f4c7b023aec?fm=jpg&q=60&w=3000&auto=format&fit=crop&q=60&ixlib=rb-4.0.3,Pets > Goats > Brown Goat,Precious Paws,320.00,,,USD,,in_stock,1
GOA-0003,,https://musical-adventure-ez56v4m.pages.github.io/shop.html?sku=GOA-0003,Pebble - Pygmy Goat,https://images.unsplash.com/photo-1786904848285-ae4f67798b97?fm=jpg&q=60&w=3000&auto=format&fit=crop&q=60&ixlib=rb-4.0.3,Pets > Goats > Pygmy Goat,Precious Paws,350.00,,,USD,,in_stock,1
